sweep,run_index,repeat_index,replicate_id,model_id,task_id,rc,wall_time,scored,l1_complete,l3_measurable,composite,l1,l2,l3,l3_n_testable,l3_n_untestable,l3_n_errors,l3_coverage,n_trials,observation_mode,git_sha,session_id
random_floor_v12_20260726_201120,1,0,random_floor_v12_20260726_201120#0,random,grid_bandit,0,47.6,True,True,True,33.58,1.0000,0.0547,0.3333,5,0,0,1.0,110,,74d86baa428687bdf28f363b660ac53841a63ebd,20e0ce5e-f4bb-4b39-bf83-3345ae6aebc1
random_floor_v12_20260726_201120,3,0,random_floor_v12_20260726_201120#0,random,repeated_games,0,62.5,True,True,True,39.83,1.0000,0.3523,0.2500,4,0,0,1.0,30,,74d86baa428687bdf28f363b660ac53841a63ebd,ac6c10dc-b41d-4ff4-8f08-7f7df4fbb36a
random_floor_v12_20260726_201120,4,0,random_floor_v12_20260726_201120#0,random,serial_recall_v2,0,78.8,True,True,True,21.48,1.0000,0.1851,0.0000,5,0,0,1.0,16,,74d86baa428687bdf28f363b660ac53841a63ebd,935c5004-ca31-43f4-9758-361697a91199
random_floor_v12_20260726_201120,2,0,random_floor_v12_20260726_201120#0,random,marbles_risk,0,99.2,True,True,True,33.53,1.0000,0.0098,0.3636,4,0,0,1.0,64,,74d86baa428687bdf28f363b660ac53841a63ebd,5ce6be1e-7a9d-4b5a-a7ac-48a4fea8cbfb
random_floor_v12_20260726_201120,7,0,random_floor_v12_20260726_201120#0,random,tiny_alchemy,0,43.4,True,True,True,18.50,1.0000,0.1001,0.0000,2,0,0,1.0,80,,74d86baa428687bdf28f363b660ac53841a63ebd,8c3f644f-99f5-4ace-9d47-28929e38f981
random_floor_v12_20260726_201120,8,0,random_floor_v12_20260726_201120#0,random,moral_machine,0,65.6,True,True,True,31.58,1.0000,0.3309,0.1000,4,1,0,0.9091,40,,74d86baa428687bdf28f363b660ac53841a63ebd,3666e925-33a2-4c97-bcb7-510493325014
random_floor_v12_20260726_201120,0,0,random_floor_v12_20260726_201120#0,random,random_dot_motion_v2,0,153.7,True,True,True,32.90,1.0000,0.0116,0.3500,4,0,0,1.0,100,,74d86baa428687bdf28f363b660ac53841a63ebd,7840599f-5f08-4e0f-a379-ac1bd666cf34
random_floor_v12_20260726_201120,9,0,random_floor_v12_20260726_201120#0,random,phishing_detection_v2,0,148.9,True,True,True,26.83,1.0000,0.0134,0.2273,4,0,0,1.0,60,,74d86baa428687bdf28f363b660ac53841a63ebd,bfff8969-9dbc-45fc-8e27-b5ead880d2b5
random_floor_v12_20260726_201120,5,0,random_floor_v12_20260726_201120#0,random,visual_recognition,0,260.7,True,True,True,15.00,1.0000,0.0000,0.0000,3,0,0,1.0,100,,74d86baa428687bdf28f363b660ac53841a63ebd,84668289-a052-4883-848a-46f6108d20dc
random_floor_v12_20260726_201120,6,0,random_floor_v12_20260726_201120#0,random,effort_foraging,0,320.9,True,True,True,26.69,1.0000,0.0742,0.1818,4,0,0,1.0,80,,74d86baa428687bdf28f363b660ac53841a63ebd,bc85c609-85df-44f1-847d-f507f3714d29
random_floor_v12_20260726_201120,11,1,random_floor_v12_20260726_201120#1,random,grid_bandit,0,43.6,True,True,True,34.88,1.0000,0.0323,0.3750,5,0,0,1.0,110,,74d86baa428687bdf28f363b660ac53841a63ebd,493fb3c0-8b05-4477-9938-f34fa0aee18e
random_floor_v12_20260726_201120,13,1,random_floor_v12_20260726_201120#1,random,repeated_games,0,58.8,True,True,True,27.53,1.0000,0.2152,0.1000,4,0,0,1.0,30,,74d86baa428687bdf28f363b660ac53841a63ebd,5f4f9b05-3161-43f0-b4f3-833919882763
random_floor_v12_20260726_201120,14,1,random_floor_v12_20260726_201120#1,random,serial_recall_v2,0,75.0,True,True,True,21.48,1.0000,0.1851,0.0000,5,0,0,1.0,16,,74d86baa428687bdf28f363b660ac53841a63ebd,beeb6ca5-14d3-42dd-bad9-193afe3efc4c
random_floor_v12_20260726_201120,12,1,random_floor_v12_20260726_201120#1,random,marbles_risk,0,94.8,True,True,True,19.70,1.0000,0.0045,0.0909,4,0,0,1.0,64,,74d86baa428687bdf28f363b660ac53841a63ebd,323c188f-d91f-48a0-9c9d-03269b55fa1c
random_floor_v12_20260726_201120,17,1,random_floor_v12_20260726_201120#1,random,tiny_alchemy,0,43.7,True,True,True,17.45,1.0000,0.0700,0.0000,2,0,0,1.0,80,,74d86baa428687bdf28f363b660ac53841a63ebd,93348bc9-0da3-46ab-b40a-6c56619d9da2
random_floor_v12_20260726_201120,18,1,random_floor_v12_20260726_201120#1,random,moral_machine,0,62.6,True,True,True,25.19,1.0000,0.0769,0.1500,4,1,0,0.9091,40,,74d86baa428687bdf28f363b660ac53841a63ebd,b236e16c-84dd-4299-9199-ef2c506c34c4
random_floor_v12_20260726_201120,10,1,random_floor_v12_20260726_201120#1,random,random_dot_motion_v2,0,149.7,True,True,True,23.42,1.0000,0.0264,0.1500,4,0,0,1.0,100,,74d86baa428687bdf28f363b660ac53841a63ebd,c3fa15c4-fe5a-49f5-b99a-ba103c850d15
random_floor_v12_20260726_201120,19,1,random_floor_v12_20260726_201120#1,random,phishing_detection_v2,0,148.4,True,True,True,22.73,1.0000,0.0909,0.0909,4,0,0,1.0,60,,74d86baa428687bdf28f363b660ac53841a63ebd,82b40ff6-03e6-4e73-b133-f38dfa358513
random_floor_v12_20260726_201120,15,1,random_floor_v12_20260726_201120#1,random,visual_recognition,0,257.3,True,True,True,40.00,1.0000,0.0000,0.5000,3,0,0,1.0,100,,74d86baa428687bdf28f363b660ac53841a63ebd,2c110bed-4105-44e2-8f02-08f4a31116c5
random_floor_v12_20260726_201120,16,1,random_floor_v12_20260726_201120#1,random,effort_foraging,0,280.6,True,True,True,41.62,1.0000,0.1762,0.4091,4,0,0,1.0,80,,74d86baa428687bdf28f363b660ac53841a63ebd,804f0f8c-9ea1-4578-ab18-a6f1656c6e51
random_floor_v12_20260726_201120,21,2,random_floor_v12_20260726_201120#2,random,grid_bandit,0,43.5,True,True,True,22.27,1.0000,0.0291,0.1250,5,0,0,1.0,110,,74d86baa428687bdf28f363b660ac53841a63ebd,dfa102b9-ef04-4486-998c-833991c59d0c
random_floor_v12_20260726_201120,23,2,random_floor_v12_20260726_201120#2,random,repeated_games,0,58.4,True,True,True,55.17,1.0000,0.4335,0.5000,4,0,0,1.0,30,,74d86baa428687bdf28f363b660ac53841a63ebd,27167068-c90e-4d61-93aa-fd6d32dab36e
random_floor_v12_20260726_201120,24,2,random_floor_v12_20260726_201120#2,random,serial_recall_v2,0,74.7,True,True,True,29.81,1.0000,0.1851,0.1667,5,0,0,1.0,16,,74d86baa428687bdf28f363b660ac53841a63ebd,927aa3e7-3fb4-46d5-ac71-7a7accacba11
random_floor_v12_20260726_201120,22,2,random_floor_v12_20260726_201120#2,random,marbles_risk,0,93.8,True,True,True,15.10,1.0000,0.0030,0.0000,4,0,0,1.0,64,,74d86baa428687bdf28f363b660ac53841a63ebd,951f9cd8-e7ee-420c-b5bc-a0c91f303212
random_floor_v12_20260726_201120,27,2,random_floor_v12_20260726_201120#2,random,tiny_alchemy,0,43.9,True,True,True,16.98,1.0000,0.0565,0.0000,2,0,0,1.0,80,,74d86baa428687bdf28f363b660ac53841a63ebd,d0a22cf7-287e-4d4b-910c-9da99f992f08
random_floor_v12_20260726_201120,28,2,random_floor_v12_20260726_201120#2,random,moral_machine,0,64.0,True,True,True,17.79,1.0000,0.0796,0.0000,4,1,0,0.9091,40,,74d86baa428687bdf28f363b660ac53841a63ebd,5a822971-39c0-42c7-ac6d-06c9175f2924
random_floor_v12_20260726_201120,20,2,random_floor_v12_20260726_201120#2,random,random_dot_motion_v2,0,149.7,True,True,True,26.88,1.0000,0.1250,0.1500,4,0,0,1.0,100,,74d86baa428687bdf28f363b660ac53841a63ebd,2b5c3843-4bbf-4fa3-91bc-2d234166b6ef
random_floor_v12_20260726_201120,29,2,random_floor_v12_20260726_201120#2,random,phishing_detection_v2,0,148.5,True,True,True,27.91,1.0000,0.0441,0.2273,4,0,0,1.0,60,,6ca4acc309dc6cf9dd377ee449b603351ec63edf,cfaab3da-2cde-4598-a390-e03b7bafc994
random_floor_v12_20260726_201120,25,2,random_floor_v12_20260726_201120#2,random,visual_recognition,0,257.2,True,True,True,40.00,1.0000,0.0000,0.5000,3,0,0,1.0,100,,74d86baa428687bdf28f363b660ac53841a63ebd,de9f0453-4595-4e06-a192-ccad24c1e4dc
random_floor_v12_20260726_201120,26,2,random_floor_v12_20260726_201120#2,random,effort_foraging,0,304.9,True,True,True,26.25,1.0000,0.1265,0.1364,4,0,0,1.0,80,,74d86baa428687bdf28f363b660ac53841a63ebd,cfcbca48-37da-4f7d-b27a-6241925b03fb
random_floor_v12_20260726_201120,31,3,random_floor_v12_20260726_201120#3,random,grid_bandit,0,45.5,True,True,True,15.36,1.0000,0.0102,0.0000,5,0,0,1.0,110,,6ca4acc309dc6cf9dd377ee449b603351ec63edf,2fd2bd45-ff05-4b93-b6a2-ea732943485c
random_floor_v12_20260726_201120,33,3,random_floor_v12_20260726_201120#3,random,repeated_games,0,58.6,True,True,True,28.83,1.0000,0.2165,0.1250,3,1,0,0.8,30,,6ca4acc309dc6cf9dd377ee449b603351ec63edf,3f5da343-bc4c-4558-8ba7-4e186ea72fda
random_floor_v12_20260726_201120,34,3,random_floor_v12_20260726_201120#3,random,serial_recall_v2,0,75.7,True,True,True,21.48,1.0000,0.1851,0.0000,5,0,0,1.0,16,,6ca4acc309dc6cf9dd377ee449b603351ec63edf,fb11dee3-ccb4-44a5-a51d-40b29b9b688e
random_floor_v12_20260726_201120,32,3,random_floor_v12_20260726_201120#3,random,marbles_risk,0,96.5,True,True,True,22.52,1.0000,0.0199,0.1364,4,0,0,1.0,64,,6ca4acc309dc6cf9dd377ee449b603351ec63edf,ae81b8ff-ab30-47a8-879c-f8cff02df8ae
random_floor_v12_20260726_201120,37,3,random_floor_v12_20260726_201120#3,random,tiny_alchemy,0,44.6,True,True,True,17.72,1.0000,0.0776,0.0000,2,0,0,1.0,80,,6ca4acc309dc6cf9dd377ee449b603351ec63edf,9e693ff6-5af8-44cf-ba9e-a25ffdcc975d
random_floor_v12_20260726_201120,38,3,random_floor_v12_20260726_201120#3,random,moral_machine,0,64.2,True,True,True,34.64,1.0000,0.2039,0.2500,4,1,0,0.9091,40,,6ca4acc309dc6cf9dd377ee449b603351ec63edf,7f397420-4dbc-4b72-8ce9-7970b9b088a9
random_floor_v12_20260726_201120,30,3,random_floor_v12_20260726_201120#3,random,random_dot_motion_v2,0,150.1,True,True,True,28.90,1.0000,0.0400,0.2500,4,0,0,1.0,100,,6ca4acc309dc6cf9dd377ee449b603351ec63edf,fa9aed32-fec9-49f0-bca2-6cb7a988a680
random_floor_v12_20260726_201120,39,3,random_floor_v12_20260726_201120#3,random,phishing_detection_v2,0,151.8,True,True,True,19.78,1.0000,0.0067,0.0909,4,0,0,1.0,60,,6ca4acc309dc6cf9dd377ee449b603351ec63edf,12016099-a542-42cf-92bf-cc9a7e1af5bf
random_floor_v12_20260726_201120,35,3,random_floor_v12_20260726_201120#3,random,visual_recognition,0,258.2,True,True,True,40.00,1.0000,0.0000,0.5000,3,0,0,1.0,100,,6ca4acc309dc6cf9dd377ee449b603351ec63edf,e8f50450-a8ff-4153-9e89-685813d0a29e
random_floor_v12_20260726_201120,36,3,random_floor_v12_20260726_201120#3,random,effort_foraging,0,329.7,True,True,True,22.33,1.0000,0.0796,0.0909,4,0,0,1.0,80,,6ca4acc309dc6cf9dd377ee449b603351ec63edf,25b47c2e-ab5e-4f92-a4a9-381f69f7a353
random_floor_v12_20260726_201120,41,4,random_floor_v12_20260726_201120#4,random,grid_bandit,0,44.3,True,True,True,26.31,1.0000,0.0256,0.2083,5,0,0,1.0,110,,6ca4acc309dc6cf9dd377ee449b603351ec63edf,7aaa5f0d-31b6-489e-8d8e-85fc2f8bc35d
random_floor_v12_20260726_201120,43,4,random_floor_v12_20260726_201120#4,random,repeated_games,0,58.7,True,True,True,37.72,1.0000,0.2919,0.2500,4,0,0,1.0,30,,6ca4acc309dc6cf9dd377ee449b603351ec63edf,a1e0ccf8-b2fb-4222-b0a2-7c405ea08135
random_floor_v12_20260726_201120,44,4,random_floor_v12_20260726_201120#4,random,serial_recall_v2,0,75.1,True,True,True,21.48,1.0000,0.1851,0.0000,5,0,0,1.0,16,,6ca4acc309dc6cf9dd377ee449b603351ec63edf,fd5a360b-f841-4bb1-9ecd-4df23173c894
random_floor_v12_20260726_201120,42,4,random_floor_v12_20260726_201120#4,random,marbles_risk,0,96.5,True,True,True,31.61,1.0000,0.0199,0.3182,4,0,0,1.0,64,,6ca4acc309dc6cf9dd377ee449b603351ec63edf,075964be-5b95-4bb6-a7ce-ba7bdd5a9265
random_floor_v12_20260726_201120,47,4,random_floor_v12_20260726_201120#4,random,tiny_alchemy,0,45.5,True,True,True,18.33,1.0000,0.0952,0.0000,2,0,0,1.0,80,,6ca4acc309dc6cf9dd377ee449b603351ec63edf,079ce25f-de87-446a-b1d6-c28719684343
random_floor_v12_20260726_201120,48,4,random_floor_v12_20260726_201120#4,random,moral_machine,0,63.0,True,True,True,29.87,1.0000,0.2106,0.1500,4,1,0,0.9091,40,,6ca4acc309dc6cf9dd377ee449b603351ec63edf,93bc099f-a15d-4dda-a9d6-5b6032e6acee
random_floor_v12_20260726_201120,40,4,random_floor_v12_20260726_201120#4,random,random_dot_motion_v2,0,150.4,True,True,True,54.96,1.0000,0.2131,0.6500,4,0,0,1.0,100,,6ca4acc309dc6cf9dd377ee449b603351ec63edf,9c7560d7-55f3-41be-9660-178b5c85ab0a
random_floor_v12_20260726_201120,49,4,random_floor_v12_20260726_201120#4,random,phishing_detection_v2,0,151.0,True,True,True,44.40,1.0000,0.0607,0.5455,4,0,0,1.0,60,,6ca4acc309dc6cf9dd377ee449b603351ec63edf,7fd8db5c-043b-4d58-b860-c5379498c383
random_floor_v12_20260726_201120,45,4,random_floor_v12_20260726_201120#4,random,visual_recognition,0,257.7,True,True,True,40.00,1.0000,0.0000,0.5000,3,0,0,1.0,100,,6ca4acc309dc6cf9dd377ee449b603351ec63edf,8231e49f-7f26-49e6-ba15-4678493f7937
random_floor_v12_20260726_201120,46,4,random_floor_v12_20260726_201120#4,random,effort_foraging,0,287.4,True,True,True,31.72,1.0000,0.1532,0.2273,4,0,0,1.0,80,,6ca4acc309dc6cf9dd377ee449b603351ec63edf,b505dfdd-a828-4bdd-8142-8653e272cc7e
random_floor_v12_20260726_201120,51,5,random_floor_v12_20260726_201120#5,random,grid_bandit,0,43.2,True,True,True,19.88,1.0000,0.0205,0.0833,5,0,0,1.0,110,,6ca4acc309dc6cf9dd377ee449b603351ec63edf,0b3ae9e1-a626-494a-a5b5-797a7c46db32
random_floor_v12_20260726_201120,53,5,random_floor_v12_20260726_201120#5,random,repeated_games,0,58.3,True,True,True,44.57,1.0000,0.4878,0.2500,4,0,0,1.0,30,,6ca4acc309dc6cf9dd377ee449b603351ec63edf,13114995-54f7-4d77-b262-155861a216d3
random_floor_v12_20260726_201120,54,5,random_floor_v12_20260726_201120#5,random,serial_recall_v2,0,74.7,True,True,True,21.48,1.0000,0.1851,0.0000,5,0,0,1.0,16,,6ca4acc309dc6cf9dd377ee449b603351ec63edf,8ab96ea5-72fe-4c35-bfe9-5bc3c91eb669
random_floor_v12_20260726_201120,52,5,random_floor_v12_20260726_201120#5,random,marbles_risk,0,95.7,True,True,True,15.04,1.0000,0.0012,0.0000,4,0,0,1.0,64,,6ca4acc309dc6cf9dd377ee449b603351ec63edf,07834a74-877b-4586-8a41-89331d025ac0
random_floor_v12_20260726_201120,57,5,random_floor_v12_20260726_201120#5,random,tiny_alchemy,0,44.2,True,True,True,18.71,1.0000,0.1060,0.0000,2,0,0,1.0,80,,6ca4acc309dc6cf9dd377ee449b603351ec63edf,f814fec4-f7ea-4f12-af95-bc935bf981d6
random_floor_v12_20260726_201120,58,5,random_floor_v12_20260726_201120#5,random,moral_machine,0,63.5,True,True,True,45.93,1.0000,0.2408,0.4500,4,1,0,0.9091,40,,6ca4acc309dc6cf9dd377ee449b603351ec63edf,f880000b-f946-4c3b-9a06-944d2c4bb62a
random_floor_v12_20260726_201120,50,5,random_floor_v12_20260726_201120#5,random,random_dot_motion_v2,0,149.0,True,True,True,40.35,1.0000,0.0100,0.5000,4,0,0,1.0,100,,6ca4acc309dc6cf9dd377ee449b603351ec63edf,05002e99-24d1-4e06-9c85-544be9f3372a
random_floor_v12_20260726_201120,59,5,random_floor_v12_20260726_201120#5,random,phishing_detection_v2,0,148.9,True,True,True,20.05,1.0000,0.0143,0.0909,4,0,0,1.0,60,,6ca4acc309dc6cf9dd377ee449b603351ec63edf,435defe7-9ca4-48f4-ab2c-45f1137e19a0
random_floor_v12_20260726_201120,55,5,random_floor_v12_20260726_201120#5,random,visual_recognition,0,261.1,True,True,True,43.13,1.0000,0.0000,0.5625,3,0,0,1.0,100,,6ca4acc309dc6cf9dd377ee449b603351ec63edf,5e8c35a3-26dc-48a1-8b27-192ac2ccf9c7
random_floor_v12_20260726_201120,56,5,random_floor_v12_20260726_201120#5,random,effort_foraging,0,322.8,True,True,True,18.61,1.0000,0.1031,0.0000,4,0,0,1.0,80,,6ca4acc309dc6cf9dd377ee449b603351ec63edf,a93b9844-2895-49b1-bc1d-91e841b5e03f
random_floor_v12_20260726_201120,61,6,random_floor_v12_20260726_201120#6,random,grid_bandit,0,43.4,True,True,True,16.54,1.0000,0.0441,0.0000,5,0,0,1.0,110,,68cab6d90326d85b83df9f8c7a38a618d216830f,8f371613-9f08-4916-aca9-eb648e9e1c8c
random_floor_v12_20260726_201120,63,6,random_floor_v12_20260726_201120#6,random,repeated_games,0,58.8,True,True,True,37.82,1.0000,0.4378,0.1500,4,0,0,1.0,30,,68cab6d90326d85b83df9f8c7a38a618d216830f,f99cba66-8010-47c6-a6b0-8a6a042b28c9
random_floor_v12_20260726_201120,64,6,random_floor_v12_20260726_201120#6,random,serial_recall_v2,0,75.8,True,True,True,29.81,1.0000,0.1851,0.1667,5,0,0,1.0,16,,68cab6d90326d85b83df9f8c7a38a618d216830f,0d767a48-f660-4d2c-a77e-aeb70f61f217
random_floor_v12_20260726_201120,62,6,random_floor_v12_20260726_201120#6,random,marbles_risk,0,94.8,True,True,True,19.70,1.0000,0.0045,0.0909,4,0,0,1.0,64,,68cab6d90326d85b83df9f8c7a38a618d216830f,4c3a6931-2679-4b63-be3d-b349b1acc049
random_floor_v12_20260726_201120,67,6,random_floor_v12_20260726_201120#6,random,tiny_alchemy,0,47.6,True,True,True,16.98,1.0000,0.0566,0.0000,2,0,0,1.0,80,,68cab6d90326d85b83df9f8c7a38a618d216830f,6a22655e-f189-4216-a9e2-6b67bdd331f2
random_floor_v12_20260726_201120,68,6,random_floor_v12_20260726_201120#6,random,moral_machine,0,63.9,True,True,True,25.69,1.0000,0.1269,0.1250,3,2,0,0.7273,40,,68cab6d90326d85b83df9f8c7a38a618d216830f,fa1b8ca0-ec9e-4bcc-85f0-b26d6e3dd488
random_floor_v12_20260726_201120,60,6,random_floor_v12_20260726_201120#6,random,random_dot_motion_v2,0,149.3,True,True,True,50.34,1.0000,0.1525,0.6000,4,0,0,1.0,100,,68cab6d90326d85b83df9f8c7a38a618d216830f,da7cdfaf-6a8d-45c6-9d58-09a37f473af2
random_floor_v12_20260726_201120,69,6,random_floor_v12_20260726_201120#6,random,phishing_detection_v2,0,149.1,True,True,True,16.28,1.0000,0.0366,0.0000,4,0,0,1.0,60,,68cab6d90326d85b83df9f8c7a38a618d216830f,bfcb88ba-aa4e-43cd-9cd0-8f81900d9ab1
random_floor_v12_20260726_201120,65,6,random_floor_v12_20260726_201120#6,random,visual_recognition,0,257.3,True,True,True,40.00,1.0000,0.0000,0.5000,3,0,0,1.0,100,,68cab6d90326d85b83df9f8c7a38a618d216830f,ad2a2ae2-a543-4176-bd2a-98972f320af0
random_floor_v12_20260726_201120,66,6,random_floor_v12_20260726_201120#6,random,effort_foraging,0,304.5,True,True,True,35.34,1.0000,0.1267,0.3182,4,0,0,1.0,80,,68cab6d90326d85b83df9f8c7a38a618d216830f,7061b66b-979a-4e0a-abf0-f083bfa501a2
random_floor_v12_20260726_201120,71,7,random_floor_v12_20260726_201120#7,random,grid_bandit,0,46.3,True,True,True,26.14,1.0000,0.0208,0.2083,5,0,0,1.0,110,,68cab6d90326d85b83df9f8c7a38a618d216830f,ca661753-50dd-4b8e-bc4b-16d1308921cc
random_floor_v12_20260726_201120,73,7,random_floor_v12_20260726_201120#7,random,repeated_games,0,60.6,True,True,True,38.03,1.0000,0.3724,0.2000,4,0,0,1.0,30,,68cab6d90326d85b83df9f8c7a38a618d216830f,cd3de34f-33f5-4126-a2e2-71ac01ad1c23
random_floor_v12_20260726_201120,74,7,random_floor_v12_20260726_201120#7,random,serial_recall_v2,0,76.9,True,True,True,21.48,1.0000,0.1851,0.0000,5,0,0,1.0,16,,68cab6d90326d85b83df9f8c7a38a618d216830f,4c4279cb-1826-4af4-b8e6-e686d2fe64da
random_floor_v12_20260726_201120,72,7,random_floor_v12_20260726_201120#7,random,marbles_risk,0,98.2,True,True,True,22.31,1.0000,0.0141,0.1364,4,0,0,1.0,64,,68cab6d90326d85b83df9f8c7a38a618d216830f,834dcb1f-3a83-4259-b1eb-6070fd2454f6
random_floor_v12_20260726_201120,77,7,random_floor_v12_20260726_201120#7,random,tiny_alchemy,0,45.3,True,True,True,19.73,1.0000,0.1353,0.0000,2,0,0,1.0,80,,68cab6d90326d85b83df9f8c7a38a618d216830f,dfb3dd94-fd96-4ad2-ae3e-9e3cf9798d44
random_floor_v12_20260726_201120,78,7,random_floor_v12_20260726_201120#7,random,moral_machine,0,64.1,True,True,True,45.28,1.0000,0.4188,0.3125,3,2,0,0.7273,40,,68cab6d90326d85b83df9f8c7a38a618d216830f,3595169a-0911-4c51-8cc4-de35cd6e45ed
random_floor_v12_20260726_201120,70,7,random_floor_v12_20260726_201120#7,random,random_dot_motion_v2,0,148.6,True,True,True,21.88,1.0000,0.1250,0.0500,4,0,0,1.0,100,,68cab6d90326d85b83df9f8c7a38a618d216830f,38e71a2a-3fb7-4937-98b4-4dcd85bc36b5
random_floor_v12_20260726_201120,79,7,random_floor_v12_20260726_201120#7,random,phishing_detection_v2,0,150.1,True,True,True,19.82,1.0000,0.0079,0.0909,4,0,0,1.0,60,,68cab6d90326d85b83df9f8c7a38a618d216830f,065b48ce-bcff-4752-ab2b-cac1caa41578
random_floor_v12_20260726_201120,75,7,random_floor_v12_20260726_201120#7,random,visual_recognition,0,259.2,True,True,True,15.00,1.0000,0.0000,0.0000,3,0,0,1.0,100,,68cab6d90326d85b83df9f8c7a38a618d216830f,f90b5519-7333-464b-86e2-db26288b112e
random_floor_v12_20260726_201120,76,7,random_floor_v12_20260726_201120#7,random,effort_foraging,0,267.7,True,True,True,34.00,1.0000,0.2181,0.2273,4,0,0,1.0,80,,68cab6d90326d85b83df9f8c7a38a618d216830f,11400f7f-dc97-41d6-adf7-2ada88a2c1aa
random_floor_v12_20260726_201120,81,8,random_floor_v12_20260726_201120#8,random,grid_bandit,0,43.7,True,True,True,28.64,1.0000,0.0326,0.2500,5,0,0,1.0,110,,68cab6d90326d85b83df9f8c7a38a618d216830f,d4ce419d-1011-441b-9806-c407341b5c41
random_floor_v12_20260726_201120,83,8,random_floor_v12_20260726_201120#8,random,repeated_games,0,58.2,True,True,True,38.91,1.0000,0.3975,0.2000,4,0,0,1.0,30,,68cab6d90326d85b83df9f8c7a38a618d216830f,ce6d6c78-d187-4b2b-947c-7533cc0dbd52
random_floor_v12_20260726_201120,84,8,random_floor_v12_20260726_201120#8,random,serial_recall_v2,0,74.6,True,True,True,25.64,1.0000,0.1851,0.0833,5,0,0,1.0,16,,68cab6d90326d85b83df9f8c7a38a618d216830f,916bd18d-3b83-4726-9af5-92a2294edad7
random_floor_v12_20260726_201120,82,8,random_floor_v12_20260726_201120#8,random,marbles_risk,0,96.0,True,True,True,24.25,1.0000,0.0045,0.1818,4,0,0,1.0,64,,68cab6d90326d85b83df9f8c7a38a618d216830f,fe53f978-34c1-4bb5-b4c8-9b7cec39a3d2
random_floor_v12_20260726_201120,87,8,random_floor_v12_20260726_201120#8,random,tiny_alchemy,0,43.0,True,True,True,17.41,1.0000,0.0688,0.0000,2,0,0,1.0,80,,68cab6d90326d85b83df9f8c7a38a618d216830f,25776928-aa4f-4a3a-b1b0-9f7d527ef9a8
random_floor_v12_20260726_201120,88,8,random_floor_v12_20260726_201120#8,random,moral_machine,0,63.8,True,True,True,18.86,1.0000,0.1102,0.0000,2,3,0,0.5455,40,,68cab6d90326d85b83df9f8c7a38a618d216830f,9396e82e-3d1f-4671-954f-a1671bfa8b2f
random_floor_v12_20260726_201120,80,8,random_floor_v12_20260726_201120#8,random,random_dot_motion_v2,0,149.7,True,True,True,32.61,1.0000,0.0031,0.3500,4,0,0,1.0,100,,68cab6d90326d85b83df9f8c7a38a618d216830f,1544d94d-bc0b-4f9e-9a77-1a5e3235ae3c
random_floor_v12_20260726_201120,89,8,random_floor_v12_20260726_201120#8,random,phishing_detection_v2,0,149.3,True,True,True,16.26,1.0000,0.0360,0.0000,4,0,0,1.0,60,,68cab6d90326d85b83df9f8c7a38a618d216830f,67270676-2dd0-4faf-a3d3-c6578f4ebd0c
random_floor_v12_20260726_201120,85,8,random_floor_v12_20260726_201120#8,random,visual_recognition,0,256.9,True,True,True,15.00,1.0000,0.0000,0.0000,3,0,0,1.0,100,,68cab6d90326d85b83df9f8c7a38a618d216830f,37641e87-ddf5-49d6-9296-edc3fc120a13
random_floor_v12_20260726_201120,86,8,random_floor_v12_20260726_201120#8,random,effort_foraging,0,325.6,True,True,True,17.83,1.0000,0.0808,0.0000,4,0,0,1.0,80,,68cab6d90326d85b83df9f8c7a38a618d216830f,abce9cd9-18e7-4d35-9004-8c1c8cf73db5
random_floor_v12_20260726_201120,91,9,random_floor_v12_20260726_201120#9,random,grid_bandit,0,43.3,True,True,True,25.89,1.0000,0.0136,0.2083,5,0,0,1.0,110,,68cab6d90326d85b83df9f8c7a38a618d216830f,c3ad4b2a-791c-4dc7-a4fb-2b9445261a6a
random_floor_v12_20260726_201120,93,9,random_floor_v12_20260726_201120#9,random,repeated_games,0,58.1,True,True,True,39.20,1.0000,0.4772,0.1500,4,0,0,1.0,30,,68cab6d90326d85b83df9f8c7a38a618d216830f,d933dfd3-248f-42b5-a95a-fdf8bcbb9aa8
random_floor_v12_20260726_201120,94,9,random_floor_v12_20260726_201120#9,random,serial_recall_v2,0,74.4,True,True,True,25.64,1.0000,0.1851,0.0833,5,0,0,1.0,16,,68cab6d90326d85b83df9f8c7a38a618d216830f,0dd6fbde-eb5b-4166-a35f-6661715efc56
random_floor_v12_20260726_201120,92,9,random_floor_v12_20260726_201120#9,random,marbles_risk,0,94.2,True,True,True,45.51,1.0000,0.0276,0.5909,4,0,0,1.0,64,,68cab6d90326d85b83df9f8c7a38a618d216830f,a863e626-5035-4931-a6d7-060c6230efe8
random_floor_v12_20260726_201120,97,9,random_floor_v12_20260726_201120#9,random,tiny_alchemy,0,43.3,True,True,True,17.79,1.0000,0.0796,0.0000,2,0,0,1.0,80,,68cab6d90326d85b83df9f8c7a38a618d216830f,19ea0160-5aaa-47e7-b527-c19e170cd662
random_floor_v12_20260726_201120,98,9,random_floor_v12_20260726_201120#9,random,moral_machine,0,63.2,True,True,True,43.88,1.0000,0.2893,0.3750,3,2,0,0.7273,40,,68cab6d90326d85b83df9f8c7a38a618d216830f,1ca4ca1d-7158-4b68-8d8f-7506d2876660
random_floor_v12_20260726_201120,90,9,random_floor_v12_20260726_201120#9,random,random_dot_motion_v2,0,147.8,True,True,True,31.39,1.0000,0.0397,0.3000,4,0,0,1.0,100,,68cab6d90326d85b83df9f8c7a38a618d216830f,9c0e7148-854d-4322-99bf-26bc565e6e51
random_floor_v12_20260726_201120,99,9,random_floor_v12_20260726_201120#9,random,phishing_detection_v2,0,150.2,True,True,True,26.40,1.0000,0.0011,0.2273,4,0,0,1.0,60,,68cab6d90326d85b83df9f8c7a38a618d216830f,09f8a00e-ecc4-4365-b720-319951e1f2c0
random_floor_v12_20260726_201120,95,9,random_floor_v12_20260726_201120#9,random,visual_recognition,0,256.5,True,True,True,15.00,1.0000,0.0000,0.0000,3,0,0,1.0,100,,68cab6d90326d85b83df9f8c7a38a618d216830f,d7203eb6-e512-4212-ba0e-bd161e568119
random_floor_v12_20260726_201120,96,9,random_floor_v12_20260726_201120#9,random,effort_foraging,0,325.0,True,True,True,30.99,1.0000,0.0672,0.2727,4,0,0,1.0,80,,68cab6d90326d85b83df9f8c7a38a618d216830f,d8089b9b-8ad6-4e26-a4cd-c3a67d094c50
